name,orig code,orig output,orig ast size,orig exec time,synthed code,synthed output,synthed ast size,synthed exec time,synth time,outputs match?,status
,,,,,,,,,,,ExtractFail
,,,,,,,,,,,ExtractFail
Benchmark TODO,,,,,,,,,,,SynthFail_TODO
,,,,,,,,,,,ExtractFail
,,,,,,,,,,,ExtractFail
,,,,,,,,,,,ExtractFail
,,,,,,,,,,,ExtractFail
,,,,,,,,,,,ExtractFail
,,,,,,,,,,,ExtractFail
,,,,,,,,,,,ExtractFail
,,,,,,,,,,,ExtractFail
,,,,,,,,,,,ExtractFail
,,,,,,,,,,,ExtractFail
,,,,,,,,,,,ExtractFail
,,,,,,,,,,,ExtractFail
,,,,,,,,,,,ExtractFail
,,,,,,,,,,,ExtractFail
,,,,,,,,,,,ExtractFail
,,,,,,,,,,,ExtractFail
,,,,,,,,,,,ExtractFail
,,,,,,,,,,,ExtractFail
,,,,,,,,,,,ExtractFail
,,,,,,,,,,,ExtractFail
,,,,,,,,,,,ExtractFail
,,,,,,,,,,,ExtractFail
,,,,,,,,,,,ExtractFail
,,,,,,,,,,,ExtractFail
,,,,,,,,,,,ExtractFail
,,,,,,,,,,,ExtractFail
,,,,,,,,,,,ExtractFail
,,,,,,,,,,,ExtractFail
,,,,,,,,,,,ExtractFail
,,,,,,,,,,,ExtractFail
,,,,,,,,,,,ExtractFail
,,,,,,,,,,,ExtractFail
,,,,,,,,,,,ExtractFail
,,,,,,,,,,,ExtractFail
,,,,,,,,,,,ExtractFail
,,,,,,,,,,,ExtractFail
,,,,,,,,,,,ExtractFail
,,,,,,,,,,,ExtractFail
,,,,,,,,,,,ExtractFail
,,,,,,,,,,,ExtractFail
,,,,,,,,,,,ExtractFail
,,,,,,,,,,,ExtractFail
,,,,,,,,,,,ExtractFail
,,,,,,,,,,,ExtractFail
,,,,,,,,,,,ExtractFail
,,,,,,,,,,,ExtractFail
,,,,,,,,,,,ExtractFail
,,,,,,,,,,,ExtractFail
,,,,,,,,,,,ExtractFail
,,,,,,,,,,,ExtractFail
,,,,,,,,,,,ExtractFail
,,,,,,,,,,,ExtractFail
,,,,,,,,,,,ExtractFail
,,,,,,,,,,,ExtractFail
,,,,,,,,,,,ExtractFail
,,,,,,,,,,,ExtractFail
,,,,,,,,,,,ExtractFail
,,,,,,,,,,,ExtractFail
,,,,,,,,,,,ExtractFail
,,,,,,,,,,,ExtractFail
,,,,,,,,,,,ExtractFail
,,,,,,,,,,,ExtractFail
,,,,,,,,,,,ExtractFail
,,,,,,,,,,,ExtractFail
,,,,,,,,,,,ExtractFail
,,,,,,,,,,,ExtractFail
,,,,,,,,,,,ExtractFail
,,,,,,,,,,,ExtractFail
,,,,,,,,,,,ExtractFail
,,,,,,,,,,,ExtractFail
,,,,,,,,,,,ExtractFail
,,,,,,,,,,,ExtractFail
,,,,,,,,,,,ExtractFail
,,,,,,,,,,,ExtractFail
,,,,,,,,,,,ExtractFail
,,,,,,,,,,,ExtractFail
,,,,,,,,,,,ExtractFail
,,,,,,,,,,,ExtractFail
,,,,,,,,,,,ExtractFail
,,,,,,,,,,,ExtractFail
,,,,,,,,,,,ExtractFail
,,,,,,,,,,,ExtractFail
,,,,,,,,,,,ExtractFail
,,,,,,,,,,,ExtractFail
,,,,,,,,,,,ExtractFail
,,,,,,,,,,,ExtractFail
,,,,,,,,,,,ExtractFail
,,,,,,,,,,,ExtractFail
,,,,,,,,,,,ExtractFail
,,,,,,,,,,,ExtractFail
,,,,,,,,,,,ExtractFail
,,,,,,,,,,,ExtractFail
,,,,,,,,,,,ExtractFail
,,,,,,,,,,,ExtractFail
,,,,,,,,,,,ExtractFail
,,,,,,,,,,,ExtractFail
,,,,,,,,,,,ExtractFail
,,,,,,,,,,,ExtractFail
,,,,,,,,,,,ExtractFail
,,,,,,,,,,,ExtractFail
,,,,,,,,,,,ExtractFail
,,,,,,,,,,,ExtractFail
,,,,,,,,,,,ExtractFail
,,,,,,,,,,,ExtractFail
,,,,,,,,,,,ExtractFail
,,,,,,,,,,,ExtractFail
,,,,,,,,,,,ExtractFail
,,,,,,,,,,,ExtractFail
Benchmark TODO,,,,,,,,,,,SynthFail_TODO
Benchmark TODO,,,,,,,,,,,SynthFail_TODO
,,,,,,,,,,,ExtractFail
,,,,,,,,,,,ExtractFail
,,,,,,,,,,,ExtractFail
,,,,,,,,,,,ExtractFail
,,,,,,,,,,,ExtractFail
,,,,,,,,,,,ExtractFail
,,,,,,,,,,,ExtractFail
,,,,,,,,,,,ExtractFail
,,,,,,,,,,,ExtractFail
,,,,,,,,,,,ExtractFail
,,,,,,,,,,,ExtractFail
,,,,,,,,,,,ExtractFail
,,,,,,,,,,,ExtractFail
,,,,,,,,,,,ExtractFail
,,,,,,,,,,,ExtractFail
,,,,,,,,,,,ExtractFail
,,,,,,,,,,,ExtractFail
,,,,,,,,,,,ExtractFail
,,,,,,,,,,,ExtractFail
,,,,,,,,,,,ExtractFail
,,,,,,,,,,,ExtractFail
,,,,,,,,,,,ExtractFail
,,,,,,,,,,,ExtractFail
,,,,,,,,,,,ExtractFail
,,,,,,,,,,,ExtractFail
,,,,,,,,,,,ExtractFail
,,,,,,,,,,,ExtractFail
,,,,,,,,,,,ExtractFail
,,,,,,,,,,,ExtractFail
,,,,,,,,,,,ExtractFail
,,,,,,,,,,,ExtractFail
,,,,,,,,,,,ExtractFail
,,,,,,,,,,,ExtractFail
,,,,,,,,,,,ExtractFail
,,,,,,,,,,,ExtractFail
,,,,,,,,,,,ExtractFail
,,,,,,,,,,,ExtractFail
,,,,,,,,,,,ExtractFail
,,,,,,,,,,,ExtractFail
,,,,,,,,,,,ExtractFail
,,,,,,,,,,,ExtractFail
,,,,,,,,,,,ExtractFail
,,,,,,,,,,,ExtractFail
,,,,,,,,,,,ExtractFail
,,,,,,,,,,,ExtractFail
,,,,,,,,,,,ExtractFail
,,,,,,,,,,,ExtractFail
,,,,,,,,,,,ExtractFail
,,,,,,,,,,,ExtractFail
,,,,,,,,,,,ExtractFail
,,,,,,,,,,,ExtractFail
,,,,,,,,,,,ExtractFail
,,,,,,,,,,,ExtractFail
,,,,,,,,,,,ExtractFail
,,,,,,,,,,,ExtractFail
,,,,,,,,,,,ExtractFail
,,,,,,,,,,,ExtractFail
,,,,,,,,,,,ExtractFail
,,,,,,,,,,,ExtractFail
,,,,,,,,,,,ExtractFail
,,,,,,,,,,,ExtractFail
,,,,,,,,,,,ExtractFail
,,,,,,,,,,,ExtractFail
,,,,,,,,,,,ExtractFail
,,,,,,,,,,,ExtractFail
,,,,,,,,,,,ExtractFail
,,,,,,,,,,,ExtractFail
,,,,,,,,,,,ExtractFail
,,,,,,,,,,,ExtractFail
,,,,,,,,,,,ExtractFail
,,,,,,,,,,,ExtractFail
,,,,,,,,,,,ExtractFail
,,,,,,,,,,,ExtractFail
,,,,,,,,,,,ExtractFail
,,,,,,,,,,,ExtractFail
,,,,,,,,,,,ExtractFail
,,,,,,,,,,,ExtractFail
,,,,,,,,,,,ExtractFail
,,,,,,,,,,,ExtractFail
,,,,,,,,,,,ExtractFail
,,,,,,,,,,,ExtractFail
,,,,,,,,,,,ExtractFail
,,,,,,,,,,,ExtractFail
,,,,,,,,,,,ExtractFail
,,,,,,,,,,,ExtractFail
,,,,,,,,,,,ExtractFail
,,,,,,,,,,,ExtractFail
,,,,,,,,,,,ExtractFail
,,,,,,,,,,,ExtractFail
,,,,,,,,,,,ExtractFail
,,,,,,,,,,,ExtractFail
,,,,,,,,,,,ExtractFail
,,,,,,,,,,,ExtractFail
,,,,,,,,,,,ExtractFail
,,,,,,,,,,,ExtractFail
,,,,,,,,,,,ExtractFail
,,,,,,,,,,,ExtractFail
,,,,,,,,,,,ExtractFail
,,,,,,,,,,,ExtractFail
,,,,,,,,,,,ExtractFail
,,,,,,,,,,,ExtractFail
,,,,,,,,,,,ExtractFail
,,,,,,,,,,,ExtractFail
,,,,,,,,,,,ExtractFail
,,,,,,,,,,,ExtractFail
,,,,,,,,,,,ExtractFail
,,,,,,,,,,,ExtractFail
,,,,,,,,,,,ExtractFail
,,,,,,,,,,,ExtractFail
,,,,,,,,,,,ExtractFail
,,,,,,,,,,,ExtractFail
,,,,,,,,,,,ExtractFail
,,,,,,,,,,,ExtractFail
,,,,,,,,,,,ExtractFail
,,,,,,,,,,,ExtractFail
,,,,,,,,,,,ExtractFail
,,,,,,,,,,,ExtractFail
,,,,,,,,,,,ExtractFail
,,,,,,,,,,,ExtractFail
,,,,,,,,,,,ExtractFail
,,,,,,,,,,,ExtractFail
,,,,,,,,,,,ExtractFail
,,,,,,,,,,,ExtractFail
,,,,,,,,,,,ExtractFail
,,,,,,,,,,,ExtractFail
Benchmark TODO,,,,,,,,,,,SynthFail_TODO
,,,,,,,,,,,ExtractFail
,,,,,,,,,,,ExtractFail
,,,,,,,,,,,ExtractFail
,,,,,,,,,,,ExtractFail
,,,,,,,,,,,ExtractFail
,,,,,,,,,,,ExtractFail
,,,,,,,,,,,ExtractFail
,,,,,,,,,,,ExtractFail
,,,,,,,,,,,ExtractFail
,,,,,,,,,,,ExtractFail
,,,,,,,,,,,ExtractFail
,,,,,,,,,,,ExtractFail
,,,,,,,,,,,ExtractFail
,,,,,,,,,,,ExtractFail
,,,,,,,,,,,ExtractFail
,,,,,,,,,,,ExtractFail
,,,,,,,,,,,ExtractFail
,,,,,,,,,,,ExtractFail
,,,,,,,,,,,ExtractFail
,,,,,,,,,,,ExtractFail
,,,,,,,,,,,ExtractFail
,,,,,,,,,,,ExtractFail
,,,,,,,,,,,ExtractFail
,,,,,,,,,,,ExtractFail
,,,,,,,,,,,ExtractFail
,,,,,,,,,,,ExtractFail
,,,,,,,,,,,ExtractFail
,,,,,,,,,,,ExtractFail
,,,,,,,,,,,ExtractFail
,,,,,,,,,,,ExtractFail
,,,,,,,,,,,ExtractFail
,,,,,,,,,,,ExtractFail
,,,,,,,,,,,ExtractFail
,,,,,,,,,,,ExtractFail
,,,,,,,,,,,ExtractFail
,,,,,,,,,,,ExtractFail
,,,,,,,,,,,ExtractFail
,,,,,,,,,,,ExtractFail
,,,,,,,,,,,ExtractFail
,,,,,,,,,,,ExtractFail
,,,,,,,,,,,ExtractFail
,,,,,,,,,,,ExtractFail
,,,,,,,,,,,ExtractFail
,,,,,,,,,,,ExtractFail
,,,,,,,,,,,ExtractFail
,,,,,,,,,,,ExtractFail
,,,,,,,,,,,ExtractFail
,,,,,,,,,,,ExtractFail
,,,,,,,,,,,ExtractFail
,,,,,,,,,,,ExtractFail
,,,,,,,,,,,ExtractFail
,,,,,,,,,,,ExtractFail
,,,,,,,,,,,ExtractFail
,,,,,,,,,,,ExtractFail
,,,,,,,,,,,ExtractFail
,,,,,,,,,,,ExtractFail
,,,,,,,,,,,ExtractFail
,,,,,,,,,,,ExtractFail
,,,,,,,,,,,ExtractFail
,,,,,,,,,,,ExtractFail
,,,,,,,,,,,ExtractFail
,,,,,,,,,,,ExtractFail
,,,,,,,,,,,ExtractFail
,,,,,,,,,,,ExtractFail
,,,,,,,,,,,ExtractFail
,,,,,,,,,,,ExtractFail
,,,,,,,,,,,ExtractFail
,,,,,,,,,,,ExtractFail
,,,,,,,,,,,ExtractFail
,,,,,,,,,,,ExtractFail
,,,,,,,,,,,ExtractFail
,,,,,,,,,,,ExtractFail
,,,,,,,,,,,ExtractFail
,,,,,,,,,,,ExtractFail
,,,,,,,,,,,ExtractFail
,,,,,,,,,,,ExtractFail
,,,,,,,,,,,ExtractFail
,,,,,,,,,,,ExtractFail
,,,,,,,,,,,ExtractFail
,,,,,,,,,,,ExtractFail
,,,,,,,,,,,ExtractFail
,,,,,,,,,,,ExtractFail
,,,,,,,,,,,ExtractFail
,,,,,,,,,,,ExtractFail
,,,,,,,,,,,ExtractFail
,,,,,,,,,,,ExtractFail
,,,,,,,,,,,ExtractFail
,,,,,,,,,,,ExtractFail
,,,,,,,,,,,ExtractFail
,,,,,,,,,,,ExtractFail
,,,,,,,,,,,ExtractFail
,,,,,,,,,,,ExtractFail
,,,,,,,,,,,ExtractFail
,,,,,,,,,,,ExtractFail
,,,,,,,,,,,ExtractFail
,,,,,,,,,,,ExtractFail
,,,,,,,,,,,ExtractFail
,,,,,,,,,,,ExtractFail
,,,,,,,,,,,ExtractFail
,,,,,,,,,,,ExtractFail
,,,,,,,,,,,ExtractFail
,,,,,,,,,,,ExtractFail
,,,,,,,,,,,ExtractFail
,,,,,,,,,,,ExtractFail
,,,,,,,,,,,ExtractFail
,,,,,,,,,,,ExtractFail
,,,,,,,,,,,ExtractFail
,,,,,,,,,,,ExtractFail
,,,,,,,,,,,ExtractFail
,,,,,,,,,,,ExtractFail
,,,,,,,,,,,ExtractFail
,,,,,,,,,,,ExtractFail
,,,,,,,,,,,ExtractFail
,,,,,,,,,,,ExtractFail
,,,,,,,,,,,ExtractFail
,,,,,,,,,,,ExtractFail
,,,,,,,,,,,ExtractFail
,,,,,,,,,,,ExtractFail
,,,,,,,,,,,ExtractFail
,,,,,,,,,,,ExtractFail
,,,,,,,,,,,ExtractFail
,,,,,,,,,,,ExtractFail
,,,,,,,,,,,ExtractFail
,,,,,,,,,,,ExtractFail
,,,,,,,,,,,ExtractFail
,,,,,,,,,,,ExtractFail
,,,,,,,,,,,ExtractFail
,,,,,,,,,,,ExtractFail
,,,,,,,,,,,ExtractFail
,,,,,,,,,,,ExtractFail
,,,,,,,,,,,ExtractFail
,,,,,,,,,,,ExtractFail
,,,,,,,,,,,ExtractFail
,,,,,,,,,,,ExtractFail
,,,,,,,,,,,ExtractFail
,,,,,,,,,,,ExtractFail
,,,,,,,,,,,ExtractFail
,,,,,,,,,,,ExtractFail
,,,,,,,,,,,ExtractFail
,,,,,,,,,,,ExtractFail
,,,,,,,,,,,ExtractFail
,,,,,,,,,,,ExtractFail
,,,,,,,,,,,ExtractFail
,,,,,,,,,,,ExtractFail
,,,,,,,,,,,ExtractFail
,,,,,,,,,,,ExtractFail
,,,,,,,,,,,ExtractFail
,,,,,,,,,,,ExtractFail
,,,,,,,,,,,ExtractFail
,,,,,,,,,,,ExtractFail
,,,,,,,,,,,ExtractFail
,,,,,,,,,,,ExtractFail
,,,,,,,,,,,ExtractFail
,,,,,,,,,,,ExtractFail
,,,,,,,,,,,ExtractFail
,,,,,,,,,,,ExtractFail
,,,,,,,,,,,ExtractFail
,,,,,,,,,,,ExtractFail
,,,,,,,,,,,ExtractFail
,,,,,,,,,,,ExtractFail
,,,,,,,,,,,ExtractFail
,,,,,,,,,,,ExtractFail
,,,,,,,,,,,ExtractFail
,,,,,,,,,,,ExtractFail
,,,,,,,,,,,ExtractFail
,,,,,,,,,,,ExtractFail
,,,,,,,,,,,ExtractFail
,,,,,,,,,,,ExtractFail
,,,,,,,,,,,ExtractFail
,,,,,,,,,,,ExtractFail
,,,,,,,,,,,ExtractFail
,,,,,,,,,,,ExtractFail
,,,,,,,,,,,ExtractFail
,,,,,,,,,,,ExtractFail
,,,,,,,,,,,ExtractFail
,,,,,,,,,,,ExtractFail
,,,,,,,,,,,ExtractFail
,,,,,,,,,,,ExtractFail
,,,,,,,,,,,ExtractFail
,,,,,,,,,,,ExtractFail
,,,,,,,,,,,ExtractFail
,,,,,,,,,,,ExtractFail
,,,,,,,,,,,ExtractFail
,,,,,,,,,,,ExtractFail
,,,,,,,,,,,ExtractFail
,,,,,,,,,,,ExtractFail
,,,,,,,,,,,ExtractFail
,,,,,,,,,,,ExtractFail
,,,,,,,,,,,ExtractFail
,,,,,,,,,,,ExtractFail
,,,,,,,,,,,ExtractFail
,,,,,,,,,,,ExtractFail
,,,,,,,,,,,ExtractFail
,,,,,,,,,,,ExtractFail
,,,,,,,,,,,ExtractFail
,,,,,,,,,,,ExtractFail
,,,,,,,,,,,ExtractFail
,,,,,,,,,,,ExtractFail
,,,,,,,,,,,ExtractFail
,,,,,,,,,,,ExtractFail
,,,,,,,,,,,ExtractFail
,,,,,,,,,,,ExtractFail
,,,,,,,,,,,ExtractFail
,,,,,,,,,,,ExtractFail
,,,,,,,,,,,ExtractFail
,,,,,,,,,,,ExtractFail
,,,,,,,,,,,ExtractFail
,,,,,,,,,,,ExtractFail
,,,,,,,,,,,ExtractFail
,,,,,,,,,,,ExtractFail
,,,,,,,,,,,ExtractFail
,,,,,,,,,,,ExtractFail
,,,,,,,,,,,ExtractFail
,,,,,,,,,,,ExtractFail
,,,,,,,,,,,ExtractFail
,,,,,,,,,,,ExtractFail
,,,,,,,,,,,ExtractFail
,,,,,,,,,,,ExtractFail
,,,,,,,,,,,ExtractFail
,,,,,,,,,,,ExtractFail
,,,,,,,,,,,ExtractFail
,,,,,,,,,,,ExtractFail
,,,,,,,,,,,ExtractFail
,,,,,,,,,,,ExtractFail
,,,,,,,,,,,ExtractFail
,,,,,,,,,,,ExtractFail
,,,,,,,,,,,ExtractFail
,,,,,,,,,,,ExtractFail
,,,,,,,,,,,ExtractFail
,,,,,,,,,,,ExtractFail
,,,,,,,,,,,ExtractFail
,,,,,,,,,,,ExtractFail
,,,,,,,,,,,ExtractFail
,,,,,,,,,,,ExtractFail
,,,,,,,,,,,ExtractFail
,,,,,,,,,,,ExtractFail
,,,,,,,,,,,ExtractFail
,,,,,,,,,,,ExtractFail
,,,,,,,,,,,ExtractFail
,,,,,,,,,,,ExtractFail
,,,,,,,,,,,ExtractFail
,,,,,,,,,,,ExtractFail
,,,,,,,,,,,ExtractFail
,,,,,,,,,,,ExtractFail
,,,,,,,,,,,ExtractFail
,,,,,,,,,,,ExtractFail
,,,,,,,,,,,ExtractFail
,,,,,,,,,,,ExtractFail
,,,,,,,,,,,ExtractFail
,,,,,,,,,,,ExtractFail
,,,,,,,,,,,ExtractFail
,,,,,,,,,,,ExtractFail
,,,,,,,,,,,ExtractFail
,,,,,,,,,,,ExtractFail
,,,,,,,,,,,ExtractFail
,,,,,,,,,,,ExtractFail
,,,,,,,,,,,ExtractFail
,,,,,,,,,,,ExtractFail
,,,,,,,,,,,ExtractFail
,,,,,,,,,,,ExtractFail
,,,,,,,,,,,ExtractFail
,,,,,,,,,,,ExtractFail
,,,,,,,,,,,ExtractFail
,,,,,,,,,,,ExtractFail
,,,,,,,,,,,ExtractFail
,,,,,,,,,,,ExtractFail
,,,,,,,,,,,ExtractFail
,,,,,,,,,,,ExtractFail
,,,,,,,,,,,ExtractFail
,,,,,,,,,,,ExtractFail
,,,,,,,,,,,ExtractFail
,,,,,,,,,,,ExtractFail
,,,,,,,,,,,ExtractFail
,,,,,,,,,,,ExtractFail
,,,,,,,,,,,ExtractFail
,,,,,,,,,,,ExtractFail
,,,,,,,,,,,ExtractFail
,,,,,,,,,,,ExtractFail
,,,,,,,,,,,ExtractFail
,,,,,,,,,,,ExtractFail
,,,,,,,,,,,ExtractFail
,,,,,,,,,,,ExtractFail
,,,,,,,,,,,ExtractFail
,,,,,,,,,,,ExtractFail
,,,,,,,,,,,ExtractFail
,,,,,,,,,,,ExtractFail
,,,,,,,,,,,ExtractFail
,,,,,,,,,,,ExtractFail
,,,,,,,,,,,ExtractFail
,,,,,,,,,,,ExtractFail
,,,,,,,,,,,ExtractFail
,,,,,,,,,,,ExtractFail
,,,,,,,,,,,ExtractFail
,,,,,,,,,,,ExtractFail
,,,,,,,,,,,ExtractFail
,,,,,,,,,,,ExtractFail
,,,,,,,,,,,ExtractFail
,,,,,,,,,,,ExtractFail
,,,,,,,,,,,ExtractFail
,,,,,,,,,,,ExtractFail
,,,,,,,,,,,ExtractFail
,,,,,,,,,,,ExtractFail
,,,,,,,,,,,ExtractFail
,,,,,,,,,,,ExtractFail
,,,,,,,,,,,ExtractFail
,,,,,,,,,,,ExtractFail
,,,,,,,,,,,ExtractFail
,,,,,,,,,,,ExtractFail
,,,,,,,,,,,ExtractFail
,,,,,,,,,,,ExtractFail
,,,,,,,,,,,ExtractFail
,,,,,,,,,,,ExtractFail
,,,,,,,,,,,ExtractFail
,,,,,,,,,,,ExtractFail
,,,,,,,,,,,ExtractFail
,,,,,,,,,,,ExtractFail
,,,,,,,,,,,ExtractFail
,,,,,,,,,,,ExtractFail
,,,,,,,,,,,ExtractFail
,,,,,,,,,,,ExtractFail
,,,,,,,,,,,ExtractFail
,,,,,,,,,,,ExtractFail
,,,,,,,,,,,ExtractFail
,,,,,,,,,,,ExtractFail
,,,,,,,,,,,ExtractFail
,,,,,,,,,,,ExtractFail
,,,,,,,,,,,ExtractFail
,,,,,,,,,,,ExtractFail
,,,,,,,,,,,ExtractFail
,,,,,,,,,,,ExtractFail
,,,,,,,,,,,ExtractFail
,,,,,,,,,,,ExtractFail
,,,,,,,,,,,ExtractFail
,,,,,,,,,,,ExtractFail
,,,,,,,,,,,ExtractFail
,,,,,,,,,,,ExtractFail
,,,,,,,,,,,ExtractFail
,,,,,,,,,,,ExtractFail
,,,,,,,,,,,ExtractFail
,,,,,,,,,,,ExtractFail
,,,,,,,,,,,ExtractFail
,,,,,,,,,,,ExtractFail
,,,,,,,,,,,ExtractFail
,,,,,,,,,,,ExtractFail
,,,,,,,,,,,ExtractFail
,,,,,,,,,,,ExtractFail
,,,,,,,,,,,ExtractFail
,,,,,,,,,,,ExtractFail
,,,,,,,,,,,ExtractFail
,,,,,,,,,,,ExtractFail
,,,,,,,,,,,ExtractFail
,,,,,,,,,,,ExtractFail
,,,,,,,,,,,ExtractFail
,,,,,,,,,,,ExtractFail
,,,,,,,,,,,ExtractFail
,,,,,,,,,,,ExtractFail
,,,,,,,,,,,ExtractFail
,,,,,,,,,,,ExtractFail
,,,,,,,,,,,ExtractFail
,,,,,,,,,,,ExtractFail
,,,,,,,,,,,ExtractFail
,,,,,,,,,,,ExtractFail
,,,,,,,,,,,ExtractFail
,,,,,,,,,,,ExtractFail
,,,,,,,,,,,ExtractFail
,,,,,,,,,,,ExtractFail
,,,,,,,,,,,ExtractFail
,,,,,,,,,,,ExtractFail
,,,,,,,,,,,ExtractFail
,,,,,,,,,,,ExtractFail
,,,,,,,,,,,ExtractFail
,,,,,,,,,,,ExtractFail
,,,,,,,,,,,ExtractFail
,,,,,,,,,,,ExtractFail
,,,,,,,,,,,ExtractFail
,,,,,,,,,,,ExtractFail
,,,,,,,,,,,ExtractFail
,,,,,,,,,,,ExtractFail
,,,,,,,,,,,ExtractFail
,,,,,,,,,,,ExtractFail
,,,,,,,,,,,ExtractFail
,,,,,,,,,,,ExtractFail
,,,,,,,,,,,ExtractFail
,,,,,,,,,,,ExtractFail
,,,,,,,,,,,ExtractFail
,,,,,,,,,,,ExtractFail
,,,,,,,,,,,ExtractFail
,,,,,,,,,,,ExtractFail
,,,,,,,,,,,ExtractFail
,,,,,,,,,,,ExtractFail
,,,,,,,,,,,ExtractFail
,,,,,,,,,,,ExtractFail
,,,,,,,,,,,ExtractFail
,,,,,,,,,,,ExtractFail
,,,,,,,,,,,ExtractFail
,,,,,,,,,,,ExtractFail
,,,,,,,,,,,ExtractFail
,,,,,,,,,,,ExtractFail
,,,,,,,,,,,ExtractFail
,,,,,,,,,,,ExtractFail
,,,,,,,,,,,ExtractFail
,,,,,,,,,,,ExtractFail
,,,,,,,,,,,ExtractFail
,,,,,,,,,,,ExtractFail
,,,,,,,,,,,ExtractFail
,,,,,,,,,,,ExtractFail
,,,,,,,,,,,ExtractFail
,,,,,,,,,,,ExtractFail
,,,,,,,,,,,ExtractFail
,,,,,,,,,,,ExtractFail
,,,,,,,,,,,ExtractFail
,,,,,,,,,,,ExtractFail
,,,,,,,,,,,ExtractFail
,,,,,,,,,,,ExtractFail
,,,,,,,,,,,ExtractFail
,,,,,,,,,,,ExtractFail
,,,,,,,,,,,ExtractFail
,,,,,,,,,,,ExtractFail
,,,,,,,,,,,ExtractFail
,,,,,,,,,,,ExtractFail
,,,,,,,,,,,ExtractFail
,,,,,,,,,,,ExtractFail
,,,,,,,,,,,ExtractFail
,,,,,,,,,,,ExtractFail
,,,,,,,,,,,ExtractFail
,,,,,,,,,,,ExtractFail
,,,,,,,,,,,ExtractFail
,,,,,,,,,,,ExtractFail
,,,,,,,,,,,ExtractFail
,,,,,,,,,,,ExtractFail
,,,,,,,,,,,ExtractFail
,,,,,,,,,,,ExtractFail
,,,,,,,,,,,ExtractFail
,,,,,,,,,,,ExtractFail
,,,,,,,,,,,ExtractFail
,,,,,,,,,,,ExtractFail
,,,,,,,,,,,ExtractFail
,,,,,,,,,,,ExtractFail
,,,,,,,,,,,ExtractFail
,,,,,,,,,,,ExtractFail
,,,,,,,,,,,ExtractFail
,,,,,,,,,,,ExtractFail
,,,,,,,,,,,ExtractFail
,,,,,,,,,,,ExtractFail
,,,,,,,,,,,ExtractFail
,,,,,,,,,,,ExtractFail
,,,,,,,,,,,ExtractFail
,,,,,,,,,,,ExtractFail
,,,,,,,,,,,ExtractFail
,,,,,,,,,,,ExtractFail
,,,,,,,,,,,ExtractFail
,,,,,,,,,,,ExtractFail
,,,,,,,,,,,ExtractFail
,,,,,,,,,,,ExtractFail
,,,,,,,,,,,ExtractFail
,,,,,,,,,,,ExtractFail
,,,,,,,,,,,ExtractFail
,,,,,,,,,,,ExtractFail
,,,,,,,,,,,ExtractFail
,,,,,,,,,,,ExtractFail
,,,,,,,,,,,ExtractFail
,,,,,,,,,,,ExtractFail
,,,,,,,,,,,ExtractFail
,,,,,,,,,,,ExtractFail
,,,,,,,,,,,ExtractFail
,,,,,,,,,,,ExtractFail
,,,,,,,,,,,ExtractFail
,,,,,,,,,,,ExtractFail
,,,,,,,,,,,ExtractFail
,,,,,,,,,,,ExtractFail
,,,,,,,,,,,ExtractFail
,,,,,,,,,,,ExtractFail
,,,,,,,,,,,ExtractFail
,,,,,,,,,,,ExtractFail
,,,,,,,,,,,ExtractFail
,,,,,,,,,,,ExtractFail
,,,,,,,,,,,ExtractFail
,,,,,,,,,,,ExtractFail
,,,,,,,,,,,ExtractFail
,,,,,,,,,,,ExtractFail
,,,,,,,,,,,ExtractFail
,,,,,,,,,,,ExtractFail
,,,,,,,,,,,ExtractFail
,,,,,,,,,,,ExtractFail
,,,,,,,,,,,ExtractFail
,,,,,,,,,,,ExtractFail
,,,,,,,,,,,ExtractFail
,,,,,,,,,,,ExtractFail
,,,,,,,,,,,ExtractFail
,,,,,,,,,,,ExtractFail
,,,,,,,,,,,ExtractFail
,,,,,,,,,,,ExtractFail
,,,,,,,,,,,ExtractFail
,,,,,,,,,,,ExtractFail
,,,,,,,,,,,ExtractFail
,,,,,,,,,,,ExtractFail
,,,,,,,,,,,ExtractFail
,,,,,,,,,,,ExtractFail
,,,,,,,,,,,ExtractFail
,,,,,,,,,,,ExtractFail
,,,,,,,,,,,ExtractFail
,,,,,,,,,,,ExtractFail
,,,,,,,,,,,ExtractFail
,,,,,,,,,,,ExtractFail
,,,,,,,,,,,ExtractFail
,,,,,,,,,,,ExtractFail
,,,,,,,,,,,ExtractFail
,,,,,,,,,,,ExtractFail
,,,,,,,,,,,ExtractFail
,,,,,,,,,,,ExtractFail
,,,,,,,,,,,ExtractFail
,,,,,,,,,,,ExtractFail
,,,,,,,,,,,ExtractFail
,,,,,,,,,,,ExtractFail
,,,,,,,,,,,ExtractFail
,,,,,,,,,,,ExtractFail
,,,,,,,,,,,ExtractFail
,,,,,,,,,,,ExtractFail
,,,,,,,,,,,ExtractFail
,,,,,,,,,,,ExtractFail
,,,,,,,,,,,ExtractFail
,,,,,,,,,,,ExtractFail
,,,,,,,,,,,ExtractFail
,,,,,,,,,,,ExtractFail
,,,,,,,,,,,ExtractFail
,,,,,,,,,,,ExtractFail
,,,,,,,,,,,ExtractFail
,,,,,,,,,,,ExtractFail
,,,,,,,,,,,ExtractFail
,,,,,,,,,,,ExtractFail
,,,,,,,,,,,ExtractFail
,,,,,,,,,,,ExtractFail
,,,,,,,,,,,ExtractFail
,,,,,,,,,,,ExtractFail
,,,,,,,,,,,ExtractFail
,,,,,,,,,,,ExtractFail
,,,,,,,,,,,ExtractFail
,,,,,,,,,,,ExtractFail
,,,,,,,,,,,ExtractFail
,,,,,,,,,,,ExtractFail
,,,,,,,,,,,ExtractFail
,,,,,,,,,,,ExtractFail
,,,,,,,,,,,ExtractFail
,,,,,,,,,,,ExtractFail
,,,,,,,,,,,ExtractFail
,,,,,,,,,,,ExtractFail
,,,,,,,,,,,ExtractFail
,,,,,,,,,,,ExtractFail
,,,,,,,,,,,ExtractFail
,,,,,,,,,,,ExtractFail
,,,,,,,,,,,ExtractFail
,,,,,,,,,,,ExtractFail
,,,,,,,,,,,ExtractFail
,,,,,,,,,,,ExtractFail
,,,,,,,,,,,ExtractFail
,,,,,,,,,,,ExtractFail
,,,,,,,,,,,ExtractFail
,,,,,,,,,,,ExtractFail
,,,,,,,,,,,ExtractFail
,,,,,,,,,,,ExtractFail
,,,,,,,,,,,ExtractFail
,,,,,,,,,,,ExtractFail
,,,,,,,,,,,ExtractFail
,,,,,,,,,,,ExtractFail
,,,,,,,,,,,ExtractFail
,,,,,,,,,,,ExtractFail
,,,,,,,,,,,ExtractFail
,,,,,,,,,,,ExtractFail
,,,,,,,,,,,ExtractFail
,,,,,,,,,,,ExtractFail
,,,,,,,,,,,ExtractFail
,,,,,,,,,,,ExtractFail
,,,,,,,,,,,ExtractFail
,,,,,,,,,,,ExtractFail
,,,,,,,,,,,ExtractFail
,,,,,,,,,,,ExtractFail
,,,,,,,,,,,ExtractFail
,,,,,,,,,,,ExtractFail
,,,,,,,,,,,ExtractFail
,,,,,,,,,,,ExtractFail
,,,,,,,,,,,ExtractFail
,,,,,,,,,,,ExtractFail
,,,,,,,,,,,ExtractFail
,,,,,,,,,,,ExtractFail
,,,,,,,,,,,ExtractFail
,,,,,,,,,,,ExtractFail
,,,,,,,,,,,ExtractFail
,,,,,,,,,,,ExtractFail
,,,,,,,,,,,ExtractFail
,,,,,,,,,,,ExtractFail
,,,,,,,,,,,ExtractFail
,,,,,,,,,,,ExtractFail
,,,,,,,,,,,ExtractFail
,,,,,,,,,,,ExtractFail
,,,,,,,,,,,ExtractFail
,,,,,,,,,,,ExtractFail
,,,,,,,,,,,ExtractFail
,,,,,,,,,,,ExtractFail
,,,,,,,,,,,ExtractFail
,,,,,,,,,,,ExtractFail
,,,,,,,,,,,ExtractFail
,,,,,,,,,,,ExtractFail
,,,,,,,,,,,ExtractFail
,,,,,,,,,,,ExtractFail
,,,,,,,,,,,ExtractFail
,,,,,,,,,,,ExtractFail
,,,,,,,,,,,ExtractFail
,,,,,,,,,,,ExtractFail
,,,,,,,,,,,ExtractFail
,,,,,,,,,,,ExtractFail
,,,,,,,,,,,ExtractFail
,,,,,,,,,,,ExtractFail
,,,,,,,,,,,ExtractFail
,,,,,,,,,,,ExtractFail
,,,,,,,,,,,ExtractFail
,,,,,,,,,,,ExtractFail
,,,,,,,,,,,ExtractFail
,,,,,,,,,,,ExtractFail
,,,,,,,,,,,ExtractFail
,,,,,,,,,,,ExtractFail
,,,,,,,,,,,ExtractFail
,,,,,,,,,,,ExtractFail
,,,,,,,,,,,ExtractFail
,,,,,,,,,,,ExtractFail
,,,,,,,,,,,ExtractFail
,,,,,,,,,,,ExtractFail
Benchmark TODO,,,,,,,,,,,SynthFail_TODO
,,,,,,,,,,,ExtractFail
,,,,,,,,,,,ExtractFail
,,,,,,,,,,,ExtractFail
,,,,,,,,,,,ExtractFail
,,,,,,,,,,,ExtractFail
,,,,,,,,,,,ExtractFail
,,,,,,,,,,,ExtractFail
,,,,,,,,,,,ExtractFail
,,,,,,,,,,,ExtractFail
,,,,,,,,,,,ExtractFail
,,,,,,,,,,,ExtractFail
,,,,,,,,,,,ExtractFail
,,,,,,,,,,,ExtractFail
,,,,,,,,,,,ExtractFail
,,,,,,,,,,,ExtractFail
,,,,,,,,,,,ExtractFail
,,,,,,,,,,,ExtractFail
,,,,,,,,,,,ExtractFail
,,,,,,,,,,,ExtractFail
,,,,,,,,,,,ExtractFail
,,,,,,,,,,,ExtractFail
,,,,,,,,,,,ExtractFail
,,,,,,,,,,,ExtractFail
,,,,,,,,,,,ExtractFail
,,,,,,,,,,,ExtractFail
,,,,,,,,,,,ExtractFail
,,,,,,,,,,,ExtractFail
,,,,,,,,,,,ExtractFail
,,,,,,,,,,,ExtractFail
,,,,,,,,,,,ExtractFail
,,,,,,,,,,,ExtractFail
,,,,,,,,,,,ExtractFail
,,,,,,,,,,,ExtractFail
,,,,,,,,,,,ExtractFail
,,,,,,,,,,,ExtractFail
,,,,,,,,,,,ExtractFail
,,,,,,,,,,,ExtractFail
,,,,,,,,,,,ExtractFail
,,,,,,,,,,,ExtractFail
,,,,,,,,,,,ExtractFail
,,,,,,,,,,,ExtractFail
,,,,,,,,,,,ExtractFail
,,,,,,,,,,,ExtractFail
,,,,,,,,,,,ExtractFail
,,,,,,,,,,,ExtractFail
,,,,,,,,,,,ExtractFail
,,,,,,,,,,,ExtractFail
Benchmark TODO,,,,,,,,,,,SynthFail_TODO
,,,,,,,,,,,ExtractFail
,,,,,,,,,,,ExtractFail
,,,,,,,,,,,ExtractFail
,,,,,,,,,,,ExtractFail
,,,,,,,,,,,ExtractFail
,,,,,,,,,,,ExtractFail
,,,,,,,,,,,ExtractFail
,,,,,,,,,,,ExtractFail
,,,,,,,,,,,ExtractFail
,,,,,,,,,,,ExtractFail
,,,,,,,,,,,ExtractFail
,,,,,,,,,,,ExtractFail
Benchmark TODO,,,,,,,,,,,SynthFail_TODO
,,,,,,,,,,,ExtractFail
,,,,,,,,,,,ExtractFail
,,,,,,,,,,,ExtractFail
,,,,,,,,,,,ExtractFail
,,,,,,,,,,,ExtractFail
,,,,,,,,,,,ExtractFail
,,,,,,,,,,,ExtractFail
,,,,,,,,,,,ExtractFail
,,,,,,,,,,,ExtractFail
,,,,,,,,,,,ExtractFail
,,,,,,,,,,,ExtractFail
,,,,,,,,,,,ExtractFail
,,,,,,,,,,,ExtractFail
,,,,,,,,,,,ExtractFail
,,,,,,,,,,,ExtractFail
,,,,,,,,,,,ExtractFail
Benchmark TODO,,,,,,,,,,,SynthFail_TODO
,,,,,,,,,,,ExtractFail
,,,,,,,,,,,ExtractFail
,,,,,,,,,,,ExtractFail
,,,,,,,,,,,ExtractFail
,,,,,,,,,,,ExtractFail
,,,,,,,,,,,ExtractFail
,,,,,,,,,,,ExtractFail
,,,,,,,,,,,ExtractFail
,,,,,,,,,,,ExtractFail
,,,,,,,,,,,ExtractFail
,,,,,,,,,,,ExtractFail
,,,,,,,,,,,ExtractFail
,,,,,,,,,,,ExtractFail
,,,,,,,,,,,ExtractFail
,,,,,,,,,,,ExtractFail
,,,,,,,,,,,ExtractFail
,,,,,,,,,,,ExtractFail
,,,,,,,,,,,ExtractFail
,,,,,,,,,,,ExtractFail
,,,,,,,,,,,ExtractFail
,,,,,,,,,,,ExtractFail
,,,,,,,,,,,ExtractFail
,,,,,,,,,,,ExtractFail
,,,,,,,,,,,ExtractFail
,,,,,,,,,,,ExtractFail
,,,,,,,,,,,ExtractFail
,,,,,,,,,,,ExtractFail
,,,,,,,,,,,ExtractFail
,,,,,,,,,,,ExtractFail
,,,,,,,,,,,ExtractFail
,,,,,,,,,,,ExtractFail
,,,,,,,,,,,ExtractFail
,,,,,,,,,,,ExtractFail
,,,,,,,,,,,ExtractFail
,,,,,,,,,,,ExtractFail
,,,,,,,,,,,ExtractFail
,,,,,,,,,,,ExtractFail
,,,,,,,,,,,ExtractFail
,,,,,,,,,,,ExtractFail
,,,,,,,,,,,ExtractFail
,,,,,,,,,,,ExtractFail
,,,,,,,,,,,ExtractFail
,,,,,,,,,,,ExtractFail
,,,,,,,,,,,ExtractFail
,,,,,,,,,,,ExtractFail
,,,,,,,,,,,ExtractFail
,,,,,,,,,,,ExtractFail
,,,,,,,,,,,ExtractFail
,,,,,,,,,,,ExtractFail
,,,,,,,,,,,ExtractFail
,,,,,,,,,,,ExtractFail
,,,,,,,,,,,ExtractFail
,,,,,,,,,,,ExtractFail
,,,,,,,,,,,ExtractFail
,,,,,,,,,,,ExtractFail
,,,,,,,,,,,ExtractFail
,,,,,,,,,,,ExtractFail
,,,,,,,,,,,ExtractFail
,,,,,,,,,,,ExtractFail
,,,,,,,,,,,ExtractFail
,,,,,,,,,,,ExtractFail
,,,,,,,,,,,ExtractFail
,,,,,,,,,,,ExtractFail
,,,,,,,,,,,ExtractFail
,,,,,,,,,,,ExtractFail
,,,,,,,,,,,ExtractFail
,,,,,,,,,,,ExtractFail
,,,,,,,,,,,ExtractFail
,,,,,,,,,,,ExtractFail
,,,,,,,,,,,ExtractFail
,,,,,,,,,,,ExtractFail
,,,,,,,,,,,ExtractFail
,,,,,,,,,,,ExtractFail
,,,,,,,,,,,ExtractFail
,,,,,,,,,,,ExtractFail
,,,,,,,,,,,ExtractFail
Benchmark TODO,,,,,,,,,,,SynthFail_TODO
,,,,,,,,,,,ExtractFail
,,,,,,,,,,,ExtractFail
,,,,,,,,,,,ExtractFail
,,,,,,,,,,,ExtractFail
,,,,,,,,,,,ExtractFail
,,,,,,,,,,,ExtractFail
,,,,,,,,,,,ExtractFail
,,,,,,,,,,,ExtractFail
,,,,,,,,,,,ExtractFail
,,,,,,,,,,,ExtractFail
,,,,,,,,,,,ExtractFail
,,,,,,,,,,,ExtractFail
,,,,,,,,,,,ExtractFail
,,,,,,,,,,,ExtractFail
,,,,,,,,,,,ExtractFail
,,,,,,,,,,,ExtractFail
,,,,,,,,,,,ExtractFail
,,,,,,,,,,,ExtractFail
,,,,,,,,,,,ExtractFail
,,,,,,,,,,,ExtractFail
,,,,,,,,,,,ExtractFail
,,,,,,,,,,,ExtractFail
,,,,,,,,,,,ExtractFail
,,,,,,,,,,,ExtractFail
,,,,,,,,,,,ExtractFail
,,,,,,,,,,,ExtractFail
,,,,,,,,,,,ExtractFail
,,,,,,,,,,,ExtractFail
,,,,,,,,,,,ExtractFail
,,,,,,,,,,,ExtractFail
,,,,,,,,,,,ExtractFail
,,,,,,,,,,,ExtractFail
,,,,,,,,,,,ExtractFail
,,,,,,,,,,,ExtractFail
,,,,,,,,,,,ExtractFail
,,,,,,,,,,,ExtractFail
,,,,,,,,,,,ExtractFail
,,,,,,,,,,,ExtractFail
,,,,,,,,,,,ExtractFail
,,,,,,,,,,,ExtractFail
,,,,,,,,,,,ExtractFail
,,,,,,,,,,,ExtractFail
,,,,,,,,,,,ExtractFail
,,,,,,,,,,,ExtractFail
,,,,,,,,,,,ExtractFail
,,,,,,,,,,,ExtractFail
,,,,,,,,,,,ExtractFail
,,,,,,,,,,,ExtractFail
,,,,,,,,,,,ExtractFail
,,,,,,,,,,,ExtractFail
,,,,,,,,,,,ExtractFail
,,,,,,,,,,,ExtractFail
,,,,,,,,,,,ExtractFail
,,,,,,,,,,,ExtractFail
,,,,,,,,,,,ExtractFail
,,,,,,,,,,,ExtractFail
,,,,,,,,,,,ExtractFail
,,,,,,,,,,,ExtractFail
,,,,,,,,,,,ExtractFail
,,,,,,,,,,,ExtractFail
,,,,,,,,,,,ExtractFail
,,,,,,,,,,,ExtractFail
,,,,,,,,,,,ExtractFail
,,,,,,,,,,,ExtractFail
,,,,,,,,,,,ExtractFail
,,,,,,,,,,,ExtractFail
,,,,,,,,,,,ExtractFail
,,,,,,,,,,,ExtractFail
,,,,,,,,,,,ExtractFail
,,,,,,,,,,,ExtractFail
,,,,,,,,,,,ExtractFail
,,,,,,,,,,,ExtractFail
,,,,,,,,,,,ExtractFail
,,,,,,,,,,,ExtractFail
,,,,,,,,,,,ExtractFail
,,,,,,,,,,,ExtractFail
,,,,,,,,,,,ExtractFail
,,,,,,,,,,,ExtractFail
,,,,,,,,,,,ExtractFail
,,,,,,,,,,,ExtractFail
,,,,,,,,,,,ExtractFail
,,,,,,,,,,,ExtractFail
,,,,,,,,,,,ExtractFail
,,,,,,,,,,,ExtractFail
,,,,,,,,,,,ExtractFail
,,,,,,,,,,,ExtractFail
,,,,,,,,,,,ExtractFail
,,,,,,,,,,,ExtractFail
,,,,,,,,,,,ExtractFail
,,,,,,,,,,,ExtractFail
,,,,,,,,,,,ExtractFail
,,,,,,,,,,,ExtractFail
,,,,,,,,,,,ExtractFail
,,,,,,,,,,,ExtractFail
,,,,,,,,,,,ExtractFail
,,,,,,,,,,,ExtractFail
,,,,,,,,,,,ExtractFail
,,,,,,,,,,,ExtractFail
Benchmark TODO,,,,,,,,,,,SynthFail_TODO
,,,,,,,,,,,ExtractFail
,,,,,,,,,,,ExtractFail
,,,,,,,,,,,ExtractFail
,,,,,,,,,,,ExtractFail
,,,,,,,,,,,ExtractFail
,,,,,,,,,,,ExtractFail
,,,,,,,,,,,ExtractFail
,,,,,,,,,,,ExtractFail
,,,,,,,,,,,ExtractFail
,,,,,,,,,,,ExtractFail
,,,,,,,,,,,ExtractFail
,,,,,,,,,,,ExtractFail
,,,,,,,,,,,ExtractFail
,,,,,,,,,,,ExtractFail
,,,,,,,,,,,ExtractFail
,,,,,,,,,,,ExtractFail
,,,,,,,,,,,ExtractFail
,,,,,,,,,,,ExtractFail
,,,,,,,,,,,ExtractFail
,,,,,,,,,,,ExtractFail
,,,,,,,,,,,ExtractFail
,,,,,,,,,,,ExtractFail
,,,,,,,,,,,ExtractFail
,,,,,,,,,,,ExtractFail
,,,,,,,,,,,ExtractFail
,,,,,,,,,,,ExtractFail
,,,,,,,,,,,ExtractFail
,,,,,,,,,,,ExtractFail
,,,,,,,,,,,ExtractFail
,,,,,,,,,,,ExtractFail
,,,,,,,,,,,ExtractFail
,,,,,,,,,,,ExtractFail
,,,,,,,,,,,ExtractFail
,,,,,,,,,,,ExtractFail
,,,,,,,,,,,ExtractFail
,,,,,,,,,,,ExtractFail
,,,,,,,,,,,ExtractFail
,,,,,,,,,,,ExtractFail
,,,,,,,,,,,ExtractFail
,,,,,,,,,,,ExtractFail
,,,,,,,,,,,ExtractFail
,,,,,,,,,,,ExtractFail
,,,,,,,,,,,ExtractFail
,,,,,,,,,,,ExtractFail
,,,,,,,,,,,ExtractFail
,,,,,,,,,,,ExtractFail
,,,,,,,,,,,ExtractFail
,,,,,,,,,,,ExtractFail
,,,,,,,,,,,ExtractFail
,,,,,,,,,,,ExtractFail
,,,,,,,,,,,ExtractFail
,,,,,,,,,,,ExtractFail
,,,,,,,,,,,ExtractFail
,,,,,,,,,,,ExtractFail
,,,,,,,,,,,ExtractFail
,,,,,,,,,,,ExtractFail
,,,,,,,,,,,ExtractFail
,,,,,,,,,,,ExtractFail
,,,,,,,,,,,ExtractFail
,,,,,,,,,,,ExtractFail
,,,,,,,,,,,ExtractFail
,,,,,,,,,,,ExtractFail
,,,,,,,,,,,ExtractFail
,,,,,,,,,,,ExtractFail
,,,,,,,,,,,ExtractFail
,,,,,,,,,,,ExtractFail
,,,,,,,,,,,ExtractFail
,,,,,,,,,,,ExtractFail
,,,,,,,,,,,ExtractFail
,,,,,,,,,,,ExtractFail
,,,,,,,,,,,ExtractFail
,,,,,,,,,,,ExtractFail
,,,,,,,,,,,ExtractFail
,,,,,,,,,,,ExtractFail
,,,,,,,,,,,ExtractFail
,,,,,,,,,,,ExtractFail
,,,,,,,,,,,ExtractFail
,,,,,,,,,,,ExtractFail
,,,,,,,,,,,ExtractFail
,,,,,,,,,,,ExtractFail
,,,,,,,,,,,ExtractFail
Benchmark TODO,,,,,,,,,,,SynthFail_TODO
Benchmark TODO,,,,,,,,,,,SynthFail_TODO
,,,,,,,,,,,ExtractFail
Benchmark TODO,,,,,,,,,,,SynthFail_TODO
,,,,,,,,,,,ExtractFail
,,,,,,,,,,,ExtractFail
,,,,,,,,,,,ExtractFail
Benchmark TODO,,,,,,,,,,,SynthFail_TODO
Benchmark TODO,,,,,,,,,,,SynthFail_TODO
Benchmark TODO,,,,,,,,,,,SynthFail_TODO
,,,,,,,,,,,ExtractFail
,,,,,,,,,,,ExtractFail
,,,,,,,,,,,ExtractFail
,,,,,,,,,,,ExtractFail
,,,,,,,,,,,ExtractFail
,,,,,,,,,,,ExtractFail
,,,,,,,,,,,ExtractFail
,,,,,,,,,,,ExtractFail
,,,,,,,,,,,ExtractFail
,,,,,,,,,,,ExtractFail
,,,,,,,,,,,ExtractFail
Benchmark TODO,,,,,,,,,,,SynthFail_TODO
,,,,,,,,,,,ExtractFail
,,,,,,,,,,,ExtractFail
,,,,,,,,,,,ExtractFail
Benchmark TODO,,,,,,,,,,,SynthFail_TODO
,,,,,,,,,,,ExtractFail
,,,,,,,,,,,ExtractFail
,,,,,,,,,,,ExtractFail
,,,,,,,,,,,ExtractFail
,,,,,,,,,,,ExtractFail
,,,,,,,,,,,ExtractFail
,,,,,,,,,,,ExtractFail
,,,,,,,,,,,ExtractFail
,,,,,,,,,,,ExtractFail
,,,,,,,,,,,ExtractFail
,,,,,,,,,,,ExtractFail
,,,,,,,,,,,ExtractFail
,,,,,,,,,,,ExtractFail
,,,,,,,,,,,ExtractFail
,,,,,,,,,,,ExtractFail
,,,,,,,,,,,ExtractFail
,,,,,,,,,,,ExtractFail
,,,,,,,,,,,ExtractFail
,,,,,,,,,,,ExtractFail
,,,,,,,,,,,ExtractFail
,,,,,,,,,,,ExtractFail
,,,,,,,,,,,ExtractFail
,,,,,,,,,,,ExtractFail
,,,,,,,,,,,ExtractFail
,,,,,,,,,,,ExtractFail
,,,,,,,,,,,ExtractFail
,,,,,,,,,,,ExtractFail
,,,,,,,,,,,ExtractFail
,,,,,,,,,,,ExtractFail
,,,,,,,,,,,ExtractFail
,,,,,,,,,,,ExtractFail
,,,,,,,,,,,ExtractFail
,,,,,,,,,,,ExtractFail
,,,,,,,,,,,ExtractFail
,,,,,,,,,,,ExtractFail
,,,,,,,,,,,ExtractFail
,,,,,,,,,,,ExtractFail
,,,,,,,,,,,ExtractFail
,,,,,,,,,,,ExtractFail
,,,,,,,,,,,ExtractFail
,,,,,,,,,,,ExtractFail
,,,,,,,,,,,ExtractFail
,,,,,,,,,,,ExtractFail
,,,,,,,,,,,ExtractFail
,,,,,,,,,,,ExtractFail
,,,,,,,,,,,ExtractFail
,,,,,,,,,,,ExtractFail
,,,,,,,,,,,ExtractFail
,,,,,,,,,,,ExtractFail
,,,,,,,,,,,ExtractFail
,,,,,,,,,,,ExtractFail
,,,,,,,,,,,ExtractFail
,,,,,,,,,,,ExtractFail
,,,,,,,,,,,ExtractFail
,,,,,,,,,,,ExtractFail
,,,,,,,,,,,ExtractFail
,,,,,,,,,,,ExtractFail
,,,,,,,,,,,ExtractFail
,,,,,,,,,,,ExtractFail
,,,,,,,,,,,ExtractFail
,,,,,,,,,,,ExtractFail
,,,,,,,,,,,ExtractFail
,,,,,,,,,,,ExtractFail
,,,,,,,,,,,ExtractFail
,,,,,,,,,,,ExtractFail
,,,,,,,,,,,ExtractFail
,,,,,,,,,,,ExtractFail
,,,,,,,,,,,ExtractFail
,,,,,,,,,,,ExtractFail
,,,,,,,,,,,ExtractFail
,,,,,,,,,,,ExtractFail
,,,,,,,,,,,ExtractFail
,,,,,,,,,,,ExtractFail
,,,,,,,,,,,ExtractFail
,,,,,,,,,,,ExtractFail
,,,,,,,,,,,ExtractFail
,,,,,,,,,,,ExtractFail
,,,,,,,,,,,ExtractFail
,,,,,,,,,,,ExtractFail
,,,,,,,,,,,ExtractFail
,,,,,,,,,,,ExtractFail
,,,,,,,,,,,ExtractFail
,,,,,,,,,,,ExtractFail
,,,,,,,,,,,ExtractFail
,,,,,,,,,,,ExtractFail
,,,,,,,,,,,ExtractFail
,,,,,,,,,,,ExtractFail
,,,,,,,,,,,ExtractFail
,,,,,,,,,,,ExtractFail
,,,,,,,,,,,ExtractFail
,,,,,,,,,,,ExtractFail
,,,,,,,,,,,ExtractFail
,,,,,,,,,,,ExtractFail
,,,,,,,,,,,ExtractFail
,,,,,,,,,,,ExtractFail
,,,,,,,,,,,ExtractFail
,,,,,,,,,,,ExtractFail
,,,,,,,,,,,ExtractFail
,,,,,,,,,,,ExtractFail
,,,,,,,,,,,ExtractFail
,,,,,,,,,,,ExtractFail
